Lugar,Escuela,Año_rango,Año,Título
Alicante,Española,1801 - 2000,1856,"""Palmeras de Elche"""
Elche,Española,1801 - 2000,1856,"""Palmeras de Elche"""
España,Española,1801 - 2000,1856,"""Palmeras de Elche"""
España,Española,1801 - 2000,1867,"""Las Navas"""
Las Navas,Española,1801 - 2000,1867,"""Las Navas"""
Ávila,Española,1801 - 2000,1867,"""Las Navas"""
El Escorial,Española,1801 - 2000,1901,"""Cazador sentado a la orilla de una laguna"""
España,Española,1801 - 2000,1901,"""Cazador sentado a la orilla de una laguna"""
Madrid,Española,1801 - 2000,1901,"""Cazador sentado a la orilla de una laguna"""
El Escorial,Española,1801 - 2000,1901,"""Cazador sentado a la orilla de una laguna"""
España,Española,1801 - 2000,1901,"""Cazador sentado a la orilla de una laguna"""
Madrid,Española,1801 - 2000,1901,"""Cazador sentado a la orilla de una laguna"""
El Escorial,Española,1801 - 2000,1901,"""Cazador sentado a la orilla de una laguna"""
España,Española,1801 - 2000,1901,"""Cazador sentado a la orilla de una laguna"""
Madrid,Española,1801 - 2000,1901,"""Cazador sentado a la orilla de una laguna"""
El Escorial,Española,1801 - 2000,1901,"""Cazador sentado a la orilla de una laguna"""
España,Española,1801 - 2000,1901,"""Cazador sentado a la orilla de una laguna"""
Madrid,Española,1801 - 2000,1901,"""Cazador sentado a la orilla de una laguna"""
El Escorial,Española,1801 - 2000,1901,"""Cazador sentado a la orilla de una laguna"""
España,Española,1801 - 2000,1901,"""Cazador sentado a la orilla de una laguna"""
Madrid,Española,1801 - 2000,1901,"""Cazador sentado a la orilla de una laguna"""
El Escorial,Española,1801 - 2000,1901,"""Cazador sentado a la orilla de una laguna"""
España,Española,1801 - 2000,1901,"""Cazador sentado a la orilla de una laguna"""
Madrid,Española,1801 - 2000,1901,"""Cazador sentado a la orilla de una laguna"""
España,Española,1801 - 2000,1919,"""El calvario de Simat de Valldigna, o Paisaje de Simat de Valldigna"""
Valencia,Española,1801 - 2000,1919,"""El calvario de Simat de Valldigna, o Paisaje de Simat de Valldigna"""
Italia,Española,1801 - 2000,1874,"""Visión de san Francisco en la Porciúncula"""
Italia,Española,1801 - 2000,1874,"""Visión de san Francisco en la Porciúncula"""
Italia,Española,1801 - 2000,1874,"""Visión de san Francisco en la Porciúncula"""
Italia,Española,1801 - 2000,1874,"""Visión de san Francisco en la Porciúncula"""
España,Española,1801 - 2000,1867,"""Paisaje de montaña"""
Guadarrama,Española,1801 - 2000,1867,"""Paisaje de montaña"""
Madrid,Española,1801 - 2000,1867,"""Paisaje de montaña"""
Francia,Española,1801 - 2000,1872,"""Manzanos (Normandía)"""
Normandía,Española,1801 - 2000,1872,"""Manzanos (Normandía)"""
Cantabria,Española,1801 - 2000,1867,"""Pinares (San Vicente de la Barquera)"""
España,Española,1801 - 2000,1867,"""Pinares (San Vicente de la Barquera)"""
San Vicente de la Barquera,Española,1801 - 2000,1867,"""Pinares (San Vicente de la Barquera)"""
España,Española,1801 - 2000,1868,"""El pabellón de Carlos V en los jardines del Alcázar de Sevilla"""
Sevilla,Española,1801 - 2000,1868,"""El pabellón de Carlos V en los jardines del Alcázar de Sevilla"""
España,Española,1801 - 2000,1868,"""El pabellón de Carlos V en los jardines del Alcázar de Sevilla"""
Sevilla,Española,1801 - 2000,1868,"""El pabellón de Carlos V en los jardines del Alcázar de Sevilla"""
España,Española,1801 - 2000,1868,"""El pabellón de Carlos V en los jardines del Alcázar de Sevilla"""
Sevilla,Española,1801 - 2000,1868,"""El pabellón de Carlos V en los jardines del Alcázar de Sevilla"""
España,Española,1801 - 2000,1868,"""El pabellón de Carlos V en los jardines del Alcázar de Sevilla"""
Sevilla,Española,1801 - 2000,1868,"""El pabellón de Carlos V en los jardines del Alcázar de Sevilla"""
España,Española,1801 - 2000,1868,"""El pabellón de Carlos V en los jardines del Alcázar de Sevilla"""
Sevilla,Española,1801 - 2000,1868,"""El pabellón de Carlos V en los jardines del Alcázar de Sevilla"""
Alsasua,Española,1801 - 2000,1870,"""Bosque de hayas (Alsasua)"""
España,Española,1801 - 2000,1870,"""Bosque de hayas (Alsasua)"""
Navarra,Española,1801 - 2000,1870,"""Bosque de hayas (Alsasua)"""
España,Española,1801 - 2000,1910,"""Vista de Granada y Sierra Nevada"""
Granada,Española,1801 - 2000,1910,"""Vista de Granada y Sierra Nevada"""
Alsasua,Española,1801 - 2000,1870,"""Peñas (Alsasua)"""
España,Española,1801 - 2000,1870,"""Peñas (Alsasua)"""
Navarra,Española,1801 - 2000,1870,"""Peñas (Alsasua)"""
Asturias,Española,1801 - 2000,1869,"""Robles (Picos de Europa)"""
España,Española,1801 - 2000,1869,"""Robles (Picos de Europa)"""
Picos de Europa,Española,1801 - 2000,1869,"""Robles (Picos de Europa)"""
Italia,Flamenca,1601 - 1800,1620,"""Santa Rosalía"""
Palermo,Flamenca,1601 - 1800,1620,"""Santa Rosalía"""
Sicilia,Flamenca,1601 - 1800,1620,"""Santa Rosalía"""
Italia,Flamenca,1601 - 1800,1620,"""Santa Rosalía"""
Palermo,Flamenca,1601 - 1800,1620,"""Santa Rosalía"""
Sicilia,Flamenca,1601 - 1800,1620,"""Santa Rosalía"""
Magreb,Española,1801 - 2000,1874,"""Los escuchas marroquíes"""
Marruecos,Española,1801 - 2000,1874,"""Los escuchas marroquíes"""
Magreb,Española,1801 - 2000,1874,"""Los escuchas marroquíes"""
Marruecos,Española,1801 - 2000,1874,"""Los escuchas marroquíes"""
Buñol,Española,1801 - 2000,1898,"""Familiares y amigos de Cecilio Pla disfrutan de un día en el campo"""
España,Española,1801 - 2000,1898,"""Familiares y amigos de Cecilio Pla disfrutan de un día en el campo"""
Valencia,Española,1801 - 2000,1898,"""Familiares y amigos de Cecilio Pla disfrutan de un día en el campo"""
Buñol,Española,1801 - 2000,1898,"""Familiares y amigos de Cecilio Pla disfrutan de un día en el campo"""
España,Española,1801 - 2000,1898,"""Familiares y amigos de Cecilio Pla disfrutan de un día en el campo"""
Valencia,Española,1801 - 2000,1898,"""Familiares y amigos de Cecilio Pla disfrutan de un día en el campo"""
Buñol,Española,1801 - 2000,1898,"""Familiares y amigos de Cecilio Pla disfrutan de un día en el campo"""
España,Española,1801 - 2000,1898,"""Familiares y amigos de Cecilio Pla disfrutan de un día en el campo"""
Valencia,Española,1801 - 2000,1898,"""Familiares y amigos de Cecilio Pla disfrutan de un día en el campo"""
Buñol,Española,1801 - 2000,1898,"""Familiares y amigos de Cecilio Pla disfrutan de un día en el campo"""
España,Española,1801 - 2000,1898,"""Familiares y amigos de Cecilio Pla disfrutan de un día en el campo"""
Valencia,Española,1801 - 2000,1898,"""Familiares y amigos de Cecilio Pla disfrutan de un día en el campo"""
Buñol,Española,1801 - 2000,1898,"""Familiares y amigos de Cecilio Pla disfrutan de un día en el campo"""
España,Española,1801 - 2000,1898,"""Familiares y amigos de Cecilio Pla disfrutan de un día en el campo"""
Valencia,Española,1801 - 2000,1898,"""Familiares y amigos de Cecilio Pla disfrutan de un día en el campo"""
Buñol,Española,1801 - 2000,1898,"""Familiares y amigos de Cecilio Pla disfrutan de un día en el campo"""
España,Española,1801 - 2000,1898,"""Familiares y amigos de Cecilio Pla disfrutan de un día en el campo"""
Valencia,Española,1801 - 2000,1898,"""Familiares y amigos de Cecilio Pla disfrutan de un día en el campo"""
Buñol,Española,1801 - 2000,1898,"""Familiares y amigos de Cecilio Pla disfrutan de un día en el campo"""
España,Española,1801 - 2000,1898,"""Familiares y amigos de Cecilio Pla disfrutan de un día en el campo"""
Valencia,Española,1801 - 2000,1898,"""Familiares y amigos de Cecilio Pla disfrutan de un día en el campo"""
Buñol,Española,1801 - 2000,1898,"""Familiares y amigos de Cecilio Pla disfrutan de un día en el campo"""
España,Española,1801 - 2000,1898,"""Familiares y amigos de Cecilio Pla disfrutan de un día en el campo"""
Valencia,Española,1801 - 2000,1898,"""Familiares y amigos de Cecilio Pla disfrutan de un día en el campo"""
Buñol,Española,1801 - 2000,1898,"""Familiares y amigos de Cecilio Pla disfrutan de un día en el campo"""
España,Española,1801 - 2000,1898,"""Familiares y amigos de Cecilio Pla disfrutan de un día en el campo"""
Valencia,Española,1801 - 2000,1898,"""Familiares y amigos de Cecilio Pla disfrutan de un día en el campo"""
Buñol,Española,1801 - 2000,1898,"""Familiares y amigos de Cecilio Pla disfrutan de un día en el campo"""
España,Española,1801 - 2000,1898,"""Familiares y amigos de Cecilio Pla disfrutan de un día en el campo"""
Valencia,Española,1801 - 2000,1898,"""Familiares y amigos de Cecilio Pla disfrutan de un día en el campo"""
Buñol,Española,1801 - 2000,1898,"""Familiares y amigos de Cecilio Pla disfrutan de un día en el campo"""
España,Española,1801 - 2000,1898,"""Familiares y amigos de Cecilio Pla disfrutan de un día en el campo"""
Valencia,Española,1801 - 2000,1898,"""Familiares y amigos de Cecilio Pla disfrutan de un día en el campo"""
Buñol,Española,1801 - 2000,1898,"""Familiares y amigos de Cecilio Pla disfrutan de un día en el campo"""
España,Española,1801 - 2000,1898,"""Familiares y amigos de Cecilio Pla disfrutan de un día en el campo"""
Valencia,Española,1801 - 2000,1898,"""Familiares y amigos de Cecilio Pla disfrutan de un día en el campo"""
España,Española,1801 - 2000,1858,"""Un paisaje del Guadarrama"""
Guadarrama,Española,1801 - 2000,1858,"""Un paisaje del Guadarrama"""
Madrid,Española,1801 - 2000,1858,"""Un paisaje del Guadarrama"""
Bruselas,Flamenca,1601 - 1800,1616,"""Los Archiduques Isabel Clara Eugenia y Alberto en el Palacio de Tervuren en Bruselas"""
Bélgica,Flamenca,1601 - 1800,1616,"""Los Archiduques Isabel Clara Eugenia y Alberto en el Palacio de Tervuren en Bruselas"""
Bruselas,Flamenca,1601 - 1800,1616,"""Los Archiduques Isabel Clara Eugenia y Alberto en el Palacio de Tervuren en Bruselas"""
Bélgica,Flamenca,1601 - 1800,1616,"""Los Archiduques Isabel Clara Eugenia y Alberto en el Palacio de Tervuren en Bruselas"""
Bruselas,Flamenca,1601 - 1800,1616,"""Los Archiduques Isabel Clara Eugenia y Alberto en el Palacio de Tervuren en Bruselas"""
Bélgica,Flamenca,1601 - 1800,1616,"""Los Archiduques Isabel Clara Eugenia y Alberto en el Palacio de Tervuren en Bruselas"""
Bruselas,Flamenca,1601 - 1800,1616,"""Los Archiduques Isabel Clara Eugenia y Alberto en el Palacio de Tervuren en Bruselas"""
Bélgica,Flamenca,1601 - 1800,1616,"""Los Archiduques Isabel Clara Eugenia y Alberto en el Palacio de Tervuren en Bruselas"""
Bruselas,Flamenca,1601 - 1800,1616,"""Los Archiduques Isabel Clara Eugenia y Alberto en el Palacio de Tervuren en Bruselas"""
Bélgica,Flamenca,1601 - 1800,1616,"""Los Archiduques Isabel Clara Eugenia y Alberto en el Palacio de Tervuren en Bruselas"""
Bruselas,Flamenca,1601 - 1800,1616,"""Los Archiduques Isabel Clara Eugenia y Alberto en el Palacio de Tervuren en Bruselas"""
Bélgica,Flamenca,1601 - 1800,1616,"""Los Archiduques Isabel Clara Eugenia y Alberto en el Palacio de Tervuren en Bruselas"""
Bruselas,Flamenca,1601 - 1800,1616,"""Los Archiduques Isabel Clara Eugenia y Alberto en el Palacio de Tervuren en Bruselas"""
Bélgica,Flamenca,1601 - 1800,1616,"""Los Archiduques Isabel Clara Eugenia y Alberto en el Palacio de Tervuren en Bruselas"""
Bruselas,Flamenca,1601 - 1800,1616,"""Los Archiduques Isabel Clara Eugenia y Alberto en el Palacio de Tervuren en Bruselas"""
Bélgica,Flamenca,1601 - 1800,1616,"""Los Archiduques Isabel Clara Eugenia y Alberto en el Palacio de Tervuren en Bruselas"""
Bruselas,Flamenca,1601 - 1800,1616,"""Los Archiduques Isabel Clara Eugenia y Alberto en el Palacio de Tervuren en Bruselas"""
Bélgica,Flamenca,1601 - 1800,1616,"""Los Archiduques Isabel Clara Eugenia y Alberto en el Palacio de Tervuren en Bruselas"""
Bruselas,Flamenca,1601 - 1800,1616,"""Los Archiduques Isabel Clara Eugenia y Alberto en el Palacio de Tervuren en Bruselas"""
Bélgica,Flamenca,1601 - 1800,1616,"""Los Archiduques Isabel Clara Eugenia y Alberto en el Palacio de Tervuren en Bruselas"""
Bruselas,Flamenca,1601 - 1800,1616,"""Los Archiduques Isabel Clara Eugenia y Alberto en el Palacio de Tervuren en Bruselas"""
Bélgica,Flamenca,1601 - 1800,1616,"""Los Archiduques Isabel Clara Eugenia y Alberto en el Palacio de Tervuren en Bruselas"""
Bruselas,Flamenca,1601 - 1800,1616,"""Los Archiduques Isabel Clara Eugenia y Alberto en el Palacio de Tervuren en Bruselas"""
Bélgica,Flamenca,1601 - 1800,1616,"""Los Archiduques Isabel Clara Eugenia y Alberto en el Palacio de Tervuren en Bruselas"""
Bruselas,Flamenca,1601 - 1800,1616,"""Los Archiduques Isabel Clara Eugenia y Alberto en el Palacio de Tervuren en Bruselas"""
Bélgica,Flamenca,1601 - 1800,1616,"""Los Archiduques Isabel Clara Eugenia y Alberto en el Palacio de Tervuren en Bruselas"""
Bruselas,Flamenca,1601 - 1800,1616,"""Los Archiduques Isabel Clara Eugenia y Alberto en el Palacio de Tervuren en Bruselas"""
Bélgica,Flamenca,1601 - 1800,1616,"""Los Archiduques Isabel Clara Eugenia y Alberto en el Palacio de Tervuren en Bruselas"""
Bruselas,Flamenca,1601 - 1800,1616,"""Los Archiduques Isabel Clara Eugenia y Alberto en el Palacio de Tervuren en Bruselas"""
Bélgica,Flamenca,1601 - 1800,1616,"""Los Archiduques Isabel Clara Eugenia y Alberto en el Palacio de Tervuren en Bruselas"""
Bruselas,Flamenca,1601 - 1800,1616,"""Los Archiduques Isabel Clara Eugenia y Alberto en el Palacio de Tervuren en Bruselas"""
Bélgica,Flamenca,1601 - 1800,1616,"""Los Archiduques Isabel Clara Eugenia y Alberto en el Palacio de Tervuren en Bruselas"""
Bruselas,Flamenca,1601 - 1800,1616,"""Los Archiduques Isabel Clara Eugenia y Alberto en el Palacio de Tervuren en Bruselas"""
Bélgica,Flamenca,1601 - 1800,1616,"""Los Archiduques Isabel Clara Eugenia y Alberto en el Palacio de Tervuren en Bruselas"""
Bruselas,Flamenca,1601 - 1800,1616,"""Los Archiduques Isabel Clara Eugenia y Alberto en el Palacio de Tervuren en Bruselas"""
Bélgica,Flamenca,1601 - 1800,1616,"""Los Archiduques Isabel Clara Eugenia y Alberto en el Palacio de Tervuren en Bruselas"""
Bruselas,Flamenca,1601 - 1800,1616,"""Los Archiduques Isabel Clara Eugenia y Alberto en el Palacio de Tervuren en Bruselas"""
Bélgica,Flamenca,1601 - 1800,1616,"""Los Archiduques Isabel Clara Eugenia y Alberto en el Palacio de Tervuren en Bruselas"""
Bruselas,Flamenca,1601 - 1800,1616,"""Los Archiduques Isabel Clara Eugenia y Alberto en el Palacio de Tervuren en Bruselas"""
Bélgica,Flamenca,1601 - 1800,1616,"""Los Archiduques Isabel Clara Eugenia y Alberto en el Palacio de Tervuren en Bruselas"""
Bruselas,Flamenca,1601 - 1800,1616,"""Los Archiduques Isabel Clara Eugenia y Alberto en el Palacio de Tervuren en Bruselas"""
Bélgica,Flamenca,1601 - 1800,1616,"""Los Archiduques Isabel Clara Eugenia y Alberto en el Palacio de Tervuren en Bruselas"""
Bruselas,Flamenca,1601 - 1800,1616,"""Los Archiduques Isabel Clara Eugenia y Alberto en el Palacio de Tervuren en Bruselas"""
Bélgica,Flamenca,1601 - 1800,1616,"""Los Archiduques Isabel Clara Eugenia y Alberto en el Palacio de Tervuren en Bruselas"""
Bruselas,Flamenca,1601 - 1800,1616,"""Los Archiduques Isabel Clara Eugenia y Alberto en el Palacio de Tervuren en Bruselas"""
Bélgica,Flamenca,1601 - 1800,1616,"""Los Archiduques Isabel Clara Eugenia y Alberto en el Palacio de Tervuren en Bruselas"""
Bruselas,Flamenca,1601 - 1800,1616,"""Los Archiduques Isabel Clara Eugenia y Alberto en el Palacio de Tervuren en Bruselas"""
Bélgica,Flamenca,1601 - 1800,1616,"""Los Archiduques Isabel Clara Eugenia y Alberto en el Palacio de Tervuren en Bruselas"""
Bruselas,Flamenca,1601 - 1800,1616,"""Los Archiduques Isabel Clara Eugenia y Alberto en el Palacio de Tervuren en Bruselas"""
Bélgica,Flamenca,1601 - 1800,1616,"""Los Archiduques Isabel Clara Eugenia y Alberto en el Palacio de Tervuren en Bruselas"""
Bruselas,Flamenca,1601 - 1800,1616,"""Los Archiduques Isabel Clara Eugenia y Alberto en el Palacio de Tervuren en Bruselas"""
Bélgica,Flamenca,1601 - 1800,1616,"""Los Archiduques Isabel Clara Eugenia y Alberto en el Palacio de Tervuren en Bruselas"""
Bruselas,Flamenca,1601 - 1800,1616,"""Los Archiduques Isabel Clara Eugenia y Alberto en el Palacio de Tervuren en Bruselas"""
Bélgica,Flamenca,1601 - 1800,1616,"""Los Archiduques Isabel Clara Eugenia y Alberto en el Palacio de Tervuren en Bruselas"""
Bruselas,Flamenca,1601 - 1800,1616,"""Los Archiduques Isabel Clara Eugenia y Alberto en el Palacio de Tervuren en Bruselas"""
Bélgica,Flamenca,1601 - 1800,1616,"""Los Archiduques Isabel Clara Eugenia y Alberto en el Palacio de Tervuren en Bruselas"""
Bruselas,Flamenca,1601 - 1800,1616,"""Los Archiduques Isabel Clara Eugenia y Alberto en el Palacio de Tervuren en Bruselas"""
Bélgica,Flamenca,1601 - 1800,1616,"""Los Archiduques Isabel Clara Eugenia y Alberto en el Palacio de Tervuren en Bruselas"""
Bruselas,Flamenca,1601 - 1800,1616,"""Los Archiduques Isabel Clara Eugenia y Alberto en el Palacio de Tervuren en Bruselas"""
Bélgica,Flamenca,1601 - 1800,1616,"""Los Archiduques Isabel Clara Eugenia y Alberto en el Palacio de Tervuren en Bruselas"""
Bruselas,Flamenca,1601 - 1800,1616,"""Los Archiduques Isabel Clara Eugenia y Alberto en el Palacio de Tervuren en Bruselas"""
Bélgica,Flamenca,1601 - 1800,1616,"""Los Archiduques Isabel Clara Eugenia y Alberto en el Palacio de Tervuren en Bruselas"""
Bruselas,Flamenca,1601 - 1800,1616,"""Los Archiduques Isabel Clara Eugenia y Alberto en el Palacio de Tervuren en Bruselas"""
Bélgica,Flamenca,1601 - 1800,1616,"""Los Archiduques Isabel Clara Eugenia y Alberto en el Palacio de Tervuren en Bruselas"""
Bruselas,Flamenca,1601 - 1800,1616,"""Los Archiduques Isabel Clara Eugenia y Alberto en el Palacio de Tervuren en Bruselas"""
Bélgica,Flamenca,1601 - 1800,1616,"""Los Archiduques Isabel Clara Eugenia y Alberto en el Palacio de Tervuren en Bruselas"""
Bruselas,Flamenca,1601 - 1800,1616,"""Los Archiduques Isabel Clara Eugenia y Alberto en el Palacio de Tervuren en Bruselas"""
Bélgica,Flamenca,1601 - 1800,1616,"""Los Archiduques Isabel Clara Eugenia y Alberto en el Palacio de Tervuren en Bruselas"""
Bruselas,Flamenca,1601 - 1800,1616,"""Los Archiduques Isabel Clara Eugenia y Alberto en el Palacio de Tervuren en Bruselas"""
Bélgica,Flamenca,1601 - 1800,1616,"""Los Archiduques Isabel Clara Eugenia y Alberto en el Palacio de Tervuren en Bruselas"""
Bruselas,Flamenca,1601 - 1800,1616,"""Los Archiduques Isabel Clara Eugenia y Alberto en el Palacio de Tervuren en Bruselas"""
Bélgica,Flamenca,1601 - 1800,1616,"""Los Archiduques Isabel Clara Eugenia y Alberto en el Palacio de Tervuren en Bruselas"""
Bruselas,Flamenca,1601 - 1800,1616,"""Los Archiduques Isabel Clara Eugenia y Alberto en el Palacio de Tervuren en Bruselas"""
Bélgica,Flamenca,1601 - 1800,1616,"""Los Archiduques Isabel Clara Eugenia y Alberto en el Palacio de Tervuren en Bruselas"""
Bruselas,Flamenca,1601 - 1800,1616,"""Los Archiduques Isabel Clara Eugenia y Alberto en el Palacio de Tervuren en Bruselas"""
Bélgica,Flamenca,1601 - 1800,1616,"""Los Archiduques Isabel Clara Eugenia y Alberto en el Palacio de Tervuren en Bruselas"""
Bruselas,Flamenca,1601 - 1800,1616,"""Los Archiduques Isabel Clara Eugenia y Alberto en el Palacio de Tervuren en Bruselas"""
Bélgica,Flamenca,1601 - 1800,1616,"""Los Archiduques Isabel Clara Eugenia y Alberto en el Palacio de Tervuren en Bruselas"""
Bruselas,Flamenca,1601 - 1800,1616,"""Los Archiduques Isabel Clara Eugenia y Alberto en el Palacio de Tervuren en Bruselas"""
Bélgica,Flamenca,1601 - 1800,1616,"""Los Archiduques Isabel Clara Eugenia y Alberto en el Palacio de Tervuren en Bruselas"""
Bruselas,Flamenca,1601 - 1800,1616,"""Los Archiduques Isabel Clara Eugenia y Alberto en el Palacio de Tervuren en Bruselas"""
Bélgica,Flamenca,1601 - 1800,1616,"""Los Archiduques Isabel Clara Eugenia y Alberto en el Palacio de Tervuren en Bruselas"""
Bruselas,Flamenca,1601 - 1800,1616,"""Los Archiduques Isabel Clara Eugenia y Alberto en el Palacio de Tervuren en Bruselas"""
Bélgica,Flamenca,1601 - 1800,1616,"""Los Archiduques Isabel Clara Eugenia y Alberto en el Palacio de Tervuren en Bruselas"""
Bruselas,Flamenca,1601 - 1800,1616,"""Los Archiduques Isabel Clara Eugenia y Alberto en el Palacio de Tervuren en Bruselas"""
Bélgica,Flamenca,1601 - 1800,1616,"""Los Archiduques Isabel Clara Eugenia y Alberto en el Palacio de Tervuren en Bruselas"""
Bruselas,Flamenca,1601 - 1800,1616,"""Los Archiduques Isabel Clara Eugenia y Alberto en el Palacio de Tervuren en Bruselas"""
Bélgica,Flamenca,1601 - 1800,1616,"""Los Archiduques Isabel Clara Eugenia y Alberto en el Palacio de Tervuren en Bruselas"""
Bruselas,Flamenca,1601 - 1800,1616,"""Los Archiduques Isabel Clara Eugenia y Alberto en el Palacio de Tervuren en Bruselas"""
Bélgica,Flamenca,1601 - 1800,1616,"""Los Archiduques Isabel Clara Eugenia y Alberto en el Palacio de Tervuren en Bruselas"""
Bruselas,Flamenca,1601 - 1800,1616,"""Los Archiduques Isabel Clara Eugenia y Alberto en el Palacio de Tervuren en Bruselas"""
Bélgica,Flamenca,1601 - 1800,1616,"""Los Archiduques Isabel Clara Eugenia y Alberto en el Palacio de Tervuren en Bruselas"""
Bruselas,Flamenca,1601 - 1800,1616,"""Los Archiduques Isabel Clara Eugenia y Alberto en el Palacio de Tervuren en Bruselas"""
Bélgica,Flamenca,1601 - 1800,1616,"""Los Archiduques Isabel Clara Eugenia y Alberto en el Palacio de Tervuren en Bruselas"""
Bruselas,Flamenca,1601 - 1800,1616,"""Los Archiduques Isabel Clara Eugenia y Alberto en el Palacio de Tervuren en Bruselas"""
Bélgica,Flamenca,1601 - 1800,1616,"""Los Archiduques Isabel Clara Eugenia y Alberto en el Palacio de Tervuren en Bruselas"""
Bruselas,Flamenca,1601 - 1800,1616,"""Los Archiduques Isabel Clara Eugenia y Alberto en el Palacio de Tervuren en Bruselas"""
Bélgica,Flamenca,1601 - 1800,1616,"""Los Archiduques Isabel Clara Eugenia y Alberto en el Palacio de Tervuren en Bruselas"""
Bruselas,Flamenca,1601 - 1800,1616,"""Los Archiduques Isabel Clara Eugenia y Alberto en el Palacio de Tervuren en Bruselas"""
Bélgica,Flamenca,1601 - 1800,1616,"""Los Archiduques Isabel Clara Eugenia y Alberto en el Palacio de Tervuren en Bruselas"""
Bruselas,Flamenca,1601 - 1800,1616,"""Los Archiduques Isabel Clara Eugenia y Alberto en el Palacio de Tervuren en Bruselas"""
Bélgica,Flamenca,1601 - 1800,1616,"""Los Archiduques Isabel Clara Eugenia y Alberto en el Palacio de Tervuren en Bruselas"""
Bruselas,Flamenca,1601 - 1800,1616,"""Los Archiduques Isabel Clara Eugenia y Alberto en el Palacio de Tervuren en Bruselas"""
Bélgica,Flamenca,1601 - 1800,1616,"""Los Archiduques Isabel Clara Eugenia y Alberto en el Palacio de Tervuren en Bruselas"""
Bruselas,Flamenca,1601 - 1800,1616,"""Los Archiduques Isabel Clara Eugenia y Alberto en el Palacio de Tervuren en Bruselas"""
Bélgica,Flamenca,1601 - 1800,1616,"""Los Archiduques Isabel Clara Eugenia y Alberto en el Palacio de Tervuren en Bruselas"""
Bruselas,Flamenca,1601 - 1800,1616,"""Los Archiduques Isabel Clara Eugenia y Alberto en el Palacio de Tervuren en Bruselas"""
Bélgica,Flamenca,1601 - 1800,1616,"""Los Archiduques Isabel Clara Eugenia y Alberto en el Palacio de Tervuren en Bruselas"""
Bruselas,Flamenca,1601 - 1800,1616,"""Los Archiduques Isabel Clara Eugenia y Alberto en el Palacio de Tervuren en Bruselas"""
Bélgica,Flamenca,1601 - 1800,1616,"""Los Archiduques Isabel Clara Eugenia y Alberto en el Palacio de Tervuren en Bruselas"""
Bruselas,Flamenca,1601 - 1800,1616,"""Los Archiduques Isabel Clara Eugenia y Alberto en el Palacio de Tervuren en Bruselas"""
Bélgica,Flamenca,1601 - 1800,1616,"""Los Archiduques Isabel Clara Eugenia y Alberto en el Palacio de Tervuren en Bruselas"""
Bruselas,Flamenca,1601 - 1800,1616,"""Los Archiduques Isabel Clara Eugenia y Alberto en el Palacio de Tervuren en Bruselas"""
Bélgica,Flamenca,1601 - 1800,1616,"""Los Archiduques Isabel Clara Eugenia y Alberto en el Palacio de Tervuren en Bruselas"""
Bruselas,Flamenca,1601 - 1800,1616,"""Los Archiduques Isabel Clara Eugenia y Alberto en el Palacio de Tervuren en Bruselas"""
Bélgica,Flamenca,1601 - 1800,1616,"""Los Archiduques Isabel Clara Eugenia y Alberto en el Palacio de Tervuren en Bruselas"""
Bruselas,Flamenca,1601 - 1800,1616,"""Los Archiduques Isabel Clara Eugenia y Alberto en el Palacio de Tervuren en Bruselas"""
Bélgica,Flamenca,1601 - 1800,1616,"""Los Archiduques Isabel Clara Eugenia y Alberto en el Palacio de Tervuren en Bruselas"""
Bruselas,Flamenca,1601 - 1800,1616,"""Los Archiduques Isabel Clara Eugenia y Alberto en el Palacio de Tervuren en Bruselas"""
Bélgica,Flamenca,1601 - 1800,1616,"""Los Archiduques Isabel Clara Eugenia y Alberto en el Palacio de Tervuren en Bruselas"""
"Brabante, Tervuren",Flamenca,1601 - 1800,1610,"""El archiduque Alberto de Austria"""
Bélgica,Flamenca,1601 - 1800,1610,"""El archiduque Alberto de Austria"""
"Brabante, Tervuren",Flamenca,1601 - 1800,1610,"""El archiduque Alberto de Austria"""
Bélgica,Flamenca,1601 - 1800,1610,"""El archiduque Alberto de Austria"""
"Brabante, Tervuren",Flamenca,1601 - 1800,1610,"""El archiduque Alberto de Austria"""
Bélgica,Flamenca,1601 - 1800,1610,"""El archiduque Alberto de Austria"""
"Brabante, Tervuren",Flamenca,1601 - 1800,1610,"""El archiduque Alberto de Austria"""
Bélgica,Flamenca,1601 - 1800,1610,"""El archiduque Alberto de Austria"""
"Brabante, Tervuren",Flamenca,1601 - 1800,1610,"""El archiduque Alberto de Austria"""
Bélgica,Flamenca,1601 - 1800,1610,"""El archiduque Alberto de Austria"""
"Brabante, Tervuren",Flamenca,1601 - 1800,1610,"""El archiduque Alberto de Austria"""
Bélgica,Flamenca,1601 - 1800,1610,"""El archiduque Alberto de Austria"""
"Brabante, Tervuren",Flamenca,1601 - 1800,1610,"""El archiduque Alberto de Austria"""
Bélgica,Flamenca,1601 - 1800,1610,"""El archiduque Alberto de Austria"""
"Brabante, Tervuren",Flamenca,1601 - 1800,1610,"""El archiduque Alberto de Austria"""
Bélgica,Flamenca,1601 - 1800,1610,"""El archiduque Alberto de Austria"""
"Brabante, Tervuren",Flamenca,1601 - 1800,1610,"""El archiduque Alberto de Austria"""
Bélgica,Flamenca,1601 - 1800,1610,"""El archiduque Alberto de Austria"""
"Brabante, Tervuren",Flamenca,1601 - 1800,1610,"""El archiduque Alberto de Austria"""
Bélgica,Flamenca,1601 - 1800,1610,"""El archiduque Alberto de Austria"""
"Brabante, Tervuren",Flamenca,1601 - 1800,1610,"""El archiduque Alberto de Austria"""
Bélgica,Flamenca,1601 - 1800,1610,"""El archiduque Alberto de Austria"""
"Brabante, Tervuren",Flamenca,1601 - 1800,1610,"""El archiduque Alberto de Austria"""
Bélgica,Flamenca,1601 - 1800,1610,"""El archiduque Alberto de Austria"""
"Brabante, Tervuren",Flamenca,1601 - 1800,1610,"""El archiduque Alberto de Austria"""
Bélgica,Flamenca,1601 - 1800,1610,"""El archiduque Alberto de Austria"""
"Brabante, Tervuren",Flamenca,1601 - 1800,1610,"""El archiduque Alberto de Austria"""
Bélgica,Flamenca,1601 - 1800,1610,"""El archiduque Alberto de Austria"""
"Brabante, Tervuren",Flamenca,1601 - 1800,1610,"""El archiduque Alberto de Austria"""
Bélgica,Flamenca,1601 - 1800,1610,"""El archiduque Alberto de Austria"""
"Brabante, Tervuren",Flamenca,1601 - 1800,1610,"""El archiduque Alberto de Austria"""
Bélgica,Flamenca,1601 - 1800,1610,"""El archiduque Alberto de Austria"""
"Brabante, Tervuren",Flamenca,1601 - 1800,1610,"""El archiduque Alberto de Austria"""
Bélgica,Flamenca,1601 - 1800,1610,"""El archiduque Alberto de Austria"""
"Brabante, Tervuren",Flamenca,1601 - 1800,1610,"""El archiduque Alberto de Austria"""
Bélgica,Flamenca,1601 - 1800,1610,"""El archiduque Alberto de Austria"""
"Brabante, Tervuren",Flamenca,1601 - 1800,1610,"""El archiduque Alberto de Austria"""
Bélgica,Flamenca,1601 - 1800,1610,"""El archiduque Alberto de Austria"""
"Brabante, Tervuren",Flamenca,1601 - 1800,1610,"""El archiduque Alberto de Austria"""
Bélgica,Flamenca,1601 - 1800,1610,"""El archiduque Alberto de Austria"""
"Brabante, Tervuren",Flamenca,1601 - 1800,1610,"""El archiduque Alberto de Austria"""
Bélgica,Flamenca,1601 - 1800,1610,"""El archiduque Alberto de Austria"""
"Brabante, Tervuren",Flamenca,1601 - 1800,1610,"""El archiduque Alberto de Austria"""
Bélgica,Flamenca,1601 - 1800,1610,"""El archiduque Alberto de Austria"""
"Brabante, Tervuren",Flamenca,1601 - 1800,1610,"""El archiduque Alberto de Austria"""
Bélgica,Flamenca,1601 - 1800,1610,"""El archiduque Alberto de Austria"""
"Brabante, Tervuren",Flamenca,1601 - 1800,1610,"""El archiduque Alberto de Austria"""
Bélgica,Flamenca,1601 - 1800,1610,"""El archiduque Alberto de Austria"""
"Brabante, Tervuren",Flamenca,1601 - 1800,1610,"""El archiduque Alberto de Austria"""
Bélgica,Flamenca,1601 - 1800,1610,"""El archiduque Alberto de Austria"""
"Brabante, Tervuren",Flamenca,1601 - 1800,1610,"""El archiduque Alberto de Austria"""
Bélgica,Flamenca,1601 - 1800,1610,"""El archiduque Alberto de Austria"""
"Brabante, Tervuren",Flamenca,1601 - 1800,1610,"""El archiduque Alberto de Austria"""
Bélgica,Flamenca,1601 - 1800,1610,"""El archiduque Alberto de Austria"""
Alsasua,Española,1801 - 2000,1870,"""Torrentera (Alsasua)"""
España,Española,1801 - 2000,1870,"""Torrentera (Alsasua)"""
Navarra,Española,1801 - 2000,1870,"""Torrentera (Alsasua)"""
El Escorial,Española,1801 - 2000,1864,"""Recuerdos del Escorial de Abajo"""
España,Española,1801 - 2000,1864,"""Recuerdos del Escorial de Abajo"""
Madrid,Española,1801 - 2000,1864,"""Recuerdos del Escorial de Abajo"""
España,Española,1601 - 1800,1768,"""Imagen de la Virgen del Pino"""
Gran Canaria,Española,1601 - 1800,1768,"""Imagen de la Virgen del Pino"""
Islas Canarias,Española,1601 - 1800,1768,"""Imagen de la Virgen del Pino"""
España,Española,1601 - 1800,1768,"""Imagen de la Virgen del Pino"""
Gran Canaria,Española,1601 - 1800,1768,"""Imagen de la Virgen del Pino"""
Islas Canarias,Española,1601 - 1800,1768,"""Imagen de la Virgen del Pino"""
Buñol,Española,1801 - 2000,1898,"""Niño en la Puerta de la Torreta de Buñol (Valencia)"""
España,Española,1801 - 2000,1898,"""Niño en la Puerta de la Torreta de Buñol (Valencia)"""
Valencia,Española,1801 - 2000,1898,"""Niño en la Puerta de la Torreta de Buñol (Valencia)"""
Aranjuez,Española,1801 - 2000,1915,"""El único naranjo (Aranjuez)"""
España,Española,1801 - 2000,1915,"""El único naranjo (Aranjuez)"""
Madrid,Española,1801 - 2000,1915,"""El único naranjo (Aranjuez)"""
Aranjuez,Española,1801 - 2000,1915,"""El único naranjo (Aranjuez)"""
España,Española,1801 - 2000,1915,"""El único naranjo (Aranjuez)"""
Madrid,Española,1801 - 2000,1915,"""El único naranjo (Aranjuez)"""
Aranjuez,Española,1801 - 2000,1915,"""El único naranjo (Aranjuez)"""
España,Española,1801 - 2000,1915,"""El único naranjo (Aranjuez)"""
Madrid,Española,1801 - 2000,1915,"""El único naranjo (Aranjuez)"""
El Pardo,Española,1801 - 2000,1910,"""Almendros en flor. El Pardo"""
España,Española,1801 - 2000,1910,"""Almendros en flor. El Pardo"""
Madrid,Española,1801 - 2000,1910,"""Almendros en flor. El Pardo"""
Alicante,Española,1801 - 2000,1857,"""Paisaje de Elche"""
Elche,Española,1801 - 2000,1857,"""Paisaje de Elche"""
España,Española,1801 - 2000,1857,"""Paisaje de Elche"""
Alicante,Española,1801 - 2000,1857,"""Paisaje de Elche"""
Elche,Española,1801 - 2000,1857,"""Paisaje de Elche"""
España,Española,1801 - 2000,1857,"""Paisaje de Elche"""
España,Española,1801 - 2000,1868,"""El patio de San Miguel, en Sevilla"""
Sevilla,Española,1801 - 2000,1868,"""El patio de San Miguel, en Sevilla"""
Asturias,Española,1801 - 2000,1886,"""Una carbayera. Asturias"""
España,Española,1801 - 2000,1886,"""Una carbayera. Asturias"""
España,Española,1801 - 2000,1907,"""Cecilio Pla, junto a sus alumnos, en la terraza del estudio"""
Madrid,Española,1801 - 2000,1907,"""Cecilio Pla, junto a sus alumnos, en la terraza del estudio"""
España,Española,1801 - 2000,1907,"""Cecilio Pla, junto a sus alumnos, en la terraza del estudio"""
Madrid,Española,1801 - 2000,1907,"""Cecilio Pla, junto a sus alumnos, en la terraza del estudio"""
Buñol,Española,1801 - 2000,1898,"""Cecilio Pla, junto a familiares y amigos, sentados sobre una gran piedra"""
España,Española,1801 - 2000,1898,"""Cecilio Pla, junto a familiares y amigos, sentados sobre una gran piedra"""
Valencia,Española,1801 - 2000,1898,"""Cecilio Pla, junto a familiares y amigos, sentados sobre una gran piedra"""
Buñol,Española,1801 - 2000,1898,"""Cecilio Pla, junto a familiares y amigos, sentados sobre una gran piedra"""
España,Española,1801 - 2000,1898,"""Cecilio Pla, junto a familiares y amigos, sentados sobre una gran piedra"""
Valencia,Española,1801 - 2000,1898,"""Cecilio Pla, junto a familiares y amigos, sentados sobre una gran piedra"""
Buñol,Española,1801 - 2000,1898,"""Cecilio Pla, junto a familiares y amigos, sentados sobre una gran piedra"""
España,Española,1801 - 2000,1898,"""Cecilio Pla, junto a familiares y amigos, sentados sobre una gran piedra"""
Valencia,Española,1801 - 2000,1898,"""Cecilio Pla, junto a familiares y amigos, sentados sobre una gran piedra"""
Buñol,Española,1801 - 2000,1898,"""Cecilio Pla, junto a familiares y amigos, sentados sobre una gran piedra"""
España,Española,1801 - 2000,1898,"""Cecilio Pla, junto a familiares y amigos, sentados sobre una gran piedra"""
Valencia,Española,1801 - 2000,1898,"""Cecilio Pla, junto a familiares y amigos, sentados sobre una gran piedra"""
Buñol,Española,1801 - 2000,1898,"""Cecilio Pla, junto a familiares y amigos, sentados sobre una gran piedra"""
España,Española,1801 - 2000,1898,"""Cecilio Pla, junto a familiares y amigos, sentados sobre una gran piedra"""
Valencia,Española,1801 - 2000,1898,"""Cecilio Pla, junto a familiares y amigos, sentados sobre una gran piedra"""
Buñol,Española,1801 - 2000,1898,"""Cecilio Pla, junto a familiares y amigos, sentados sobre una gran piedra"""
España,Española,1801 - 2000,1898,"""Cecilio Pla, junto a familiares y amigos, sentados sobre una gran piedra"""
Valencia,Española,1801 - 2000,1898,"""Cecilio Pla, junto a familiares y amigos, sentados sobre una gran piedra"""
Buñol,Española,1801 - 2000,1898,"""Cecilio Pla, junto a familiares y amigos, sentados sobre una gran piedra"""
España,Española,1801 - 2000,1898,"""Cecilio Pla, junto a familiares y amigos, sentados sobre una gran piedra"""
Valencia,Española,1801 - 2000,1898,"""Cecilio Pla, junto a familiares y amigos, sentados sobre una gran piedra"""
Buñol,Española,1801 - 2000,1898,"""Cecilio Pla, junto a familiares y amigos, sentados sobre una gran piedra"""
España,Española,1801 - 2000,1898,"""Cecilio Pla, junto a familiares y amigos, sentados sobre una gran piedra"""
Valencia,Española,1801 - 2000,1898,"""Cecilio Pla, junto a familiares y amigos, sentados sobre una gran piedra"""
Buñol,Española,1801 - 2000,1898,"""Cecilio Pla, junto a familiares y amigos, sentados sobre una gran piedra"""
España,Española,1801 - 2000,1898,"""Cecilio Pla, junto a familiares y amigos, sentados sobre una gran piedra"""
Valencia,Española,1801 - 2000,1898,"""Cecilio Pla, junto a familiares y amigos, sentados sobre una gran piedra"""
España,Española,1801 - 2000,1911,"""Espinos en flor. Plantío de los Infantes"""
Madrid,Española,1801 - 2000,1911,"""Espinos en flor. Plantío de los Infantes"""
España,Española,1801 - 2000,1911,"""Espinos en flor. Plantío de los Infantes"""
Madrid,Española,1801 - 2000,1911,"""Espinos en flor. Plantío de los Infantes"""
España,Española,1801 - 2000,1911,"""Espinos en flor. Plantío de los Infantes"""
Madrid,Española,1801 - 2000,1911,"""Espinos en flor. Plantío de los Infantes"""
Buñol,Española,1801 - 2000,1898,"""Paisaje montañoso"""
España,Española,1801 - 2000,1898,"""Paisaje montañoso"""
Valencia,Española,1801 - 2000,1898,"""Paisaje montañoso"""
Italia,Española,1601 - 1800,1670,"""Visión de san Francisco en la Porciúncula"""
Italia,Española,1601 - 1800,1670,"""Visión de san Francisco en la Porciúncula"""
Italia,Española,1601 - 1800,1670,"""Visión de san Francisco en la Porciúncula"""
Italia,Española,1601 - 1800,1670,"""Visión de san Francisco en la Porciúncula"""
Asturias,Española,1801 - 2000,1884,"""Pinos en la costa de Asturias"""
España,Española,1801 - 2000,1884,"""Pinos en la costa de Asturias"""
Asturias,Española,1801 - 2000,1869,"""Montañas (Asturias)"""
España,Española,1801 - 2000,1869,"""Montañas (Asturias)"""
España,Española,1801 - 2000,1844,"""Cesta de flores y vista del Palacio Real de Valencia"""
Valencia,Española,1801 - 2000,1844,"""Cesta de flores y vista del Palacio Real de Valencia"""
España,Española,1801 - 2000,1844,"""Cesta de flores y vista del Palacio Real de Valencia"""
Valencia,Española,1801 - 2000,1844,"""Cesta de flores y vista del Palacio Real de Valencia"""
España,Española,1801 - 2000,1844,"""Cesta de flores y vista del Palacio Real de Valencia"""
Valencia,Española,1801 - 2000,1844,"""Cesta de flores y vista del Palacio Real de Valencia"""
España,Española,1801 - 2000,1844,"""Cesta de flores y vista del Palacio Real de Valencia"""
Valencia,Española,1801 - 2000,1844,"""Cesta de flores y vista del Palacio Real de Valencia"""
España,Española,1801 - 2000,1844,"""Cesta de flores y vista del Palacio Real de Valencia"""
Valencia,Española,1801 - 2000,1844,"""Cesta de flores y vista del Palacio Real de Valencia"""
España,Española,1801 - 2000,1844,"""Cesta de flores y vista del Palacio Real de Valencia"""
Valencia,Española,1801 - 2000,1844,"""Cesta de flores y vista del Palacio Real de Valencia"""
España,Española,1801 - 2000,1844,"""Cesta de flores y vista del Palacio Real de Valencia"""
Valencia,Española,1801 - 2000,1844,"""Cesta de flores y vista del Palacio Real de Valencia"""
España,Española,1801 - 2000,1844,"""Cesta de flores y vista del Palacio Real de Valencia"""
Valencia,Española,1801 - 2000,1844,"""Cesta de flores y vista del Palacio Real de Valencia"""
España,Española,1801 - 2000,1844,"""Cesta de flores y vista del Palacio Real de Valencia"""
Valencia,Española,1801 - 2000,1844,"""Cesta de flores y vista del Palacio Real de Valencia"""
España,Española,1801 - 2000,1844,"""Cesta de flores y vista del Palacio Real de Valencia"""
Valencia,Española,1801 - 2000,1844,"""Cesta de flores y vista del Palacio Real de Valencia"""
España,Española,1801 - 2000,1844,"""Cesta de flores y vista del Palacio Real de Valencia"""
Valencia,Española,1801 - 2000,1844,"""Cesta de flores y vista del Palacio Real de Valencia"""
España,Española,1801 - 2000,1844,"""Cesta de flores y vista del Palacio Real de Valencia"""
Valencia,Española,1801 - 2000,1844,"""Cesta de flores y vista del Palacio Real de Valencia"""
España,Española,1801 - 2000,1844,"""Cesta de flores y vista del Palacio Real de Valencia"""
Valencia,Española,1801 - 2000,1844,"""Cesta de flores y vista del Palacio Real de Valencia"""
España,Española,1801 - 2000,1844,"""Cesta de flores y vista del Palacio Real de Valencia"""
Valencia,Española,1801 - 2000,1844,"""Cesta de flores y vista del Palacio Real de Valencia"""
España,Española,1801 - 2000,1844,"""Cesta de flores y vista del Palacio Real de Valencia"""
Valencia,Española,1801 - 2000,1844,"""Cesta de flores y vista del Palacio Real de Valencia"""
España,Española,1801 - 2000,1844,"""Cesta de flores y vista del Palacio Real de Valencia"""
Valencia,Española,1801 - 2000,1844,"""Cesta de flores y vista del Palacio Real de Valencia"""
España,Española,1801 - 2000,1844,"""Cesta de flores y vista del Palacio Real de Valencia"""
Valencia,Española,1801 - 2000,1844,"""Cesta de flores y vista del Palacio Real de Valencia"""
España,Española,1801 - 2000,1844,"""Cesta de flores y vista del Palacio Real de Valencia"""
Valencia,Española,1801 - 2000,1844,"""Cesta de flores y vista del Palacio Real de Valencia"""
España,Española,1801 - 2000,1844,"""Cesta de flores y vista del Palacio Real de Valencia"""
Valencia,Española,1801 - 2000,1844,"""Cesta de flores y vista del Palacio Real de Valencia"""
España,Española,1801 - 2000,1844,"""Cesta de flores y vista del Palacio Real de Valencia"""
Valencia,Española,1801 - 2000,1844,"""Cesta de flores y vista del Palacio Real de Valencia"""
España,Española,1801 - 2000,1844,"""Cesta de flores y vista del Palacio Real de Valencia"""
Valencia,Española,1801 - 2000,1844,"""Cesta de flores y vista del Palacio Real de Valencia"""
España,Española,1801 - 2000,1844,"""Cesta de flores y vista del Palacio Real de Valencia"""
Valencia,Española,1801 - 2000,1844,"""Cesta de flores y vista del Palacio Real de Valencia"""
España,Española,1801 - 2000,1844,"""Cesta de flores y vista del Palacio Real de Valencia"""
Valencia,Española,1801 - 2000,1844,"""Cesta de flores y vista del Palacio Real de Valencia"""
España,Española,1801 - 2000,1844,"""Cesta de flores y vista del Palacio Real de Valencia"""
Valencia,Española,1801 - 2000,1844,"""Cesta de flores y vista del Palacio Real de Valencia"""
España,Española,1801 - 2000,1844,"""Cesta de flores y vista del Palacio Real de Valencia"""
Valencia,Española,1801 - 2000,1844,"""Cesta de flores y vista del Palacio Real de Valencia"""
España,Española,1801 - 2000,1844,"""Cesta de flores y vista del Palacio Real de Valencia"""
Valencia,Española,1801 - 2000,1844,"""Cesta de flores y vista del Palacio Real de Valencia"""
España,Española,1801 - 2000,1844,"""Cesta de flores y vista del Palacio Real de Valencia"""
Valencia,Española,1801 - 2000,1844,"""Cesta de flores y vista del Palacio Real de Valencia"""
España,Española,1801 - 2000,1844,"""Cesta de flores y vista del Palacio Real de Valencia"""
Valencia,Española,1801 - 2000,1844,"""Cesta de flores y vista del Palacio Real de Valencia"""
España,Española,1801 - 2000,1844,"""Cesta de flores y vista del Palacio Real de Valencia"""
Valencia,Española,1801 - 2000,1844,"""Cesta de flores y vista del Palacio Real de Valencia"""
España,Española,1801 - 2000,1844,"""Cesta de flores y vista del Palacio Real de Valencia"""
Valencia,Española,1801 - 2000,1844,"""Cesta de flores y vista del Palacio Real de Valencia"""
España,Española,1801 - 2000,1844,"""Cesta de flores y vista del Palacio Real de Valencia"""
Valencia,Española,1801 - 2000,1844,"""Cesta de flores y vista del Palacio Real de Valencia"""
España,Española,1801 - 2000,1844,"""Cesta de flores y vista del Palacio Real de Valencia"""
Valencia,Española,1801 - 2000,1844,"""Cesta de flores y vista del Palacio Real de Valencia"""
España,Española,1801 - 2000,1844,"""Cesta de flores y vista del Palacio Real de Valencia"""
Valencia,Española,1801 - 2000,1844,"""Cesta de flores y vista del Palacio Real de Valencia"""
España,Española,1801 - 2000,1844,"""Cesta de flores y vista del Palacio Real de Valencia"""
Valencia,Española,1801 - 2000,1844,"""Cesta de flores y vista del Palacio Real de Valencia"""
España,Española,1801 - 2000,1844,"""Cesta de flores y vista del Palacio Real de Valencia"""
Valencia,Española,1801 - 2000,1844,"""Cesta de flores y vista del Palacio Real de Valencia"""
España,Española,1801 - 2000,1844,"""Cesta de flores y vista del Palacio Real de Valencia"""
Valencia,Española,1801 - 2000,1844,"""Cesta de flores y vista del Palacio Real de Valencia"""
España,Española,1801 - 2000,1844,"""Cesta de flores y vista del Palacio Real de Valencia"""
Valencia,Española,1801 - 2000,1844,"""Cesta de flores y vista del Palacio Real de Valencia"""
España,Española,1801 - 2000,1844,"""Cesta de flores y vista del Palacio Real de Valencia"""
Valencia,Española,1801 - 2000,1844,"""Cesta de flores y vista del Palacio Real de Valencia"""
España,Española,1801 - 2000,1844,"""Cesta de flores y vista del Palacio Real de Valencia"""
Valencia,Española,1801 - 2000,1844,"""Cesta de flores y vista del Palacio Real de Valencia"""
España,Española,1801 - 2000,1844,"""Cesta de flores y vista del Palacio Real de Valencia"""
Valencia,Española,1801 - 2000,1844,"""Cesta de flores y vista del Palacio Real de Valencia"""
España,Española,1801 - 2000,1844,"""Cesta de flores y vista del Palacio Real de Valencia"""
Valencia,Española,1801 - 2000,1844,"""Cesta de flores y vista del Palacio Real de Valencia"""
España,Española,1801 - 2000,1844,"""Cesta de flores y vista del Palacio Real de Valencia"""
Valencia,Española,1801 - 2000,1844,"""Cesta de flores y vista del Palacio Real de Valencia"""
Italia,Española,1801 - 2000,1903,"""Vendedora de flores en Roma"""
Roma,Española,1801 - 2000,1903,"""Vendedora de flores en Roma"""
Italia,Española,1801 - 2000,1903,"""Vendedora de flores en Roma"""
Roma,Española,1801 - 2000,1903,"""Vendedora de flores en Roma"""
Alicante,Española,1801 - 2000,1856,"""Un bosque de palmeras (Elche)"""
Elche,Española,1801 - 2000,1856,"""Un bosque de palmeras (Elche)"""
España,Española,1801 - 2000,1856,"""Un bosque de palmeras (Elche)"""
Asturias,Española,1801 - 2000,1869,"""Grupo de robles (Picos de Europa)"""
España,Española,1801 - 2000,1869,"""Grupo de robles (Picos de Europa)"""
Picos de Europa,Española,1801 - 2000,1869,"""Grupo de robles (Picos de Europa)"""
España,Española,1801 - 2000,1872,"""Jardín de la casa de Fortuny"""
Granada,Española,1801 - 2000,1872,"""Jardín de la casa de Fortuny"""
España,Española,1801 - 2000,1872,"""Jardín de la casa de Fortuny"""
Granada,Española,1801 - 2000,1872,"""Jardín de la casa de Fortuny"""
España,Española,1801 - 2000,1872,"""Jardín de la casa de Fortuny"""
Granada,Española,1801 - 2000,1872,"""Jardín de la casa de Fortuny"""
España,Española,1801 - 2000,1872,"""Jardín de la casa de Fortuny"""
Granada,Española,1801 - 2000,1872,"""Jardín de la casa de Fortuny"""
España,Española,1801 - 2000,1872,"""Jardín de la casa de Fortuny"""
Granada,Española,1801 - 2000,1872,"""Jardín de la casa de Fortuny"""
España,Española,1801 - 2000,1872,"""Jardín de la casa de Fortuny"""
Granada,Española,1801 - 2000,1872,"""Jardín de la casa de Fortuny"""
España,Española,1801 - 2000,1872,"""Jardín de la casa de Fortuny"""
Granada,Española,1801 - 2000,1872,"""Jardín de la casa de Fortuny"""
España,Española,1801 - 2000,1872,"""Jardín de la casa de Fortuny"""
Granada,Española,1801 - 2000,1872,"""Jardín de la casa de Fortuny"""
España,Española,1801 - 2000,1872,"""Jardín de la casa de Fortuny"""
Granada,Española,1801 - 2000,1872,"""Jardín de la casa de Fortuny"""
España,Española,1801 - 2000,1872,"""Jardín de la casa de Fortuny"""
Granada,Española,1801 - 2000,1872,"""Jardín de la casa de Fortuny"""
España,Española,1801 - 2000,1872,"""Jardín de la casa de Fortuny"""
Granada,Española,1801 - 2000,1872,"""Jardín de la casa de Fortuny"""
España,Española,1801 - 2000,1872,"""Jardín de la casa de Fortuny"""
Granada,Española,1801 - 2000,1872,"""Jardín de la casa de Fortuny"""
España,Española,1801 - 2000,1872,"""Jardín de la casa de Fortuny"""
Granada,Española,1801 - 2000,1872,"""Jardín de la casa de Fortuny"""
España,Española,1801 - 2000,1872,"""Jardín de la casa de Fortuny"""
Granada,Española,1801 - 2000,1872,"""Jardín de la casa de Fortuny"""
España,Española,1801 - 2000,1872,"""Jardín de la casa de Fortuny"""
Granada,Española,1801 - 2000,1872,"""Jardín de la casa de Fortuny"""
España,Española,1801 - 2000,1872,"""Jardín de la casa de Fortuny"""
Granada,Española,1801 - 2000,1872,"""Jardín de la casa de Fortuny"""
Alsasua,Española,1801 - 2000,1870,"""Robledal (Alsasua)"""
España,Española,1801 - 2000,1870,"""Robledal (Alsasua)"""
Navarra,Española,1801 - 2000,1870,"""Robledal (Alsasua)"""
Frascati,Española,1801 - 2000,1875,"""Pinos de Frascati"""
Italia,Española,1801 - 2000,1875,"""Pinos de Frascati"""
Roma,Española,1801 - 2000,1875,"""Pinos de Frascati"""
Frascati,Española,1801 - 2000,1875,"""Pinos de Frascati"""
Italia,Española,1801 - 2000,1875,"""Pinos de Frascati"""
Roma,Española,1801 - 2000,1875,"""Pinos de Frascati"""
Frascati,Española,1801 - 2000,1910,"""Paisaje con cipreses"""
Italia,Española,1801 - 2000,1910,"""Paisaje con cipreses"""
Roma,Española,1801 - 2000,1910,"""Paisaje con cipreses"""
España,Española,1801 - 2000,1900,"""El pino de Béjar"""
Salamanca,Española,1801 - 2000,1900,"""El pino de Béjar"""
Italia,Italiana ; Veneciana,1601 - 1800,1640,"""Dama veneciana"""
Venecia,Italiana ; Veneciana,1601 - 1800,1640,"""Dama veneciana"""
Italia,Italiana ; Veneciana,1601 - 1800,1640,"""Dama veneciana"""
Venecia,Italiana ; Veneciana,1601 - 1800,1640,"""Dama veneciana"""
Italia,Italiana ; Veneciana,1601 - 1800,1640,"""Dama veneciana"""
Venecia,Italiana ; Veneciana,1601 - 1800,1640,"""Dama veneciana"""
Italia,Italiana ; Veneciana,1601 - 1800,1640,"""Dama veneciana"""
Venecia,Italiana ; Veneciana,1601 - 1800,1640,"""Dama veneciana"""
Italia,Portuguesa,1801 - 2000,1869,"""Paul de Castelfusano, cercanías de Roma, o Pantano de Castelfusano"""
Roma,Portuguesa,1801 - 2000,1869,"""Paul de Castelfusano, cercanías de Roma, o Pantano de Castelfusano"""
España,Española,1801 - 2000,1896,"""Puerto de la Morcuera (Guadarrama)"""
Guadarrama,Española,1801 - 2000,1896,"""Puerto de la Morcuera (Guadarrama)"""
Madrid,Española,1801 - 2000,1896,"""Puerto de la Morcuera (Guadarrama)"""
